Dataset,Classifications,Predictions
1,Y,N
1,N,N
1,N,N
1,N,N
1,N,N
1,N,N
1,N,N
1,N,N
1,N,N
1,N,N
1,N,N
1,N,N
1,N,N
1,N,N
1,N,N
1,N,N
1,N,N
1,N,N
1,N,N
1,N,N
1,N,N
1,N,N
1,N,N
1,Y,Y
1,N,N
1,N,N
1,N,N
1,N,N
1,N,N
1,N,N
1,N,N
1,N,N
1,N,N
1,N,N
1,N,N
1,N,N
1,N,N
1,N,N
1,N,N
1,N,N
1,N,N
1,N,N
1,N,N
1,N,N
1,Y,N
1,N,N
1,N,N
1,N,N
1,N,N
1,N,N
1,N,N
1,N,N
1,N,N
1,N,N
1,N,N
1,N,N
1,N,N
1,N,N
1,N,N
1,N,N
1,N,N
1,N,N
1,N,N
1,N,N
1,N,N
1,N,N
1,N,N
1,N,N
1,N,N
1,N,N
1,N,N
1,N,N
1,N,N
1,N,N
1,N,N
1,N,N
1,N,N
1,N,N
1,N,N
1,N,N
1,N,N
1,N,N
1,N,N
1,N,N
1,N,N
1,N,N
1,N,N
1,N,N
1,N,N
1,N,N
1,N,N
1,N,N
1,N,N
1,N,N
1,N,N
1,N,N
1,N,N
1,N,N
1,N,N
1,N,N
1,N,N
1,Y,N
1,N,N
1,N,N
1,N,N
1,N,N
1,N,N
1,N,N
1,N,N
1,N,N
1,N,N
1,Y,N
1,Y,N
1,Y,N
1,N,N
1,N,N
1,N,N
1,N,N
1,N,N
1,N,N
1,N,N
1,N,N
1,N,N
1,N,N
1,N,N
1,N,N
1,N,N
1,N,N
1,N,N
1,N,N
1,N,N
1,N,N
1,N,N
1,N,N
1,N,N
1,N,N
1,N,N
1,N,N
1,N,N
1,N,N
1,N,N
1,N,Y
1,N,N
1,N,N
1,N,N
1,N,N
1,Y,Y
1,N,N
1,N,N
1,N,N
1,N,N
1,N,N
1,N,N
1,N,N
1,N,N
1,N,N
1,N,N
1,N,N
1,N,N
1,N,N
1,N,N
1,N,N
1,N,N
1,N,N
1,N,N
1,N,N
1,N,N
1,N,N
1,N,N
1,N,N
1,N,N
1,N,N
1,N,N
1,N,N
1,N,N
1,N,N
1,N,N
1,N,N
1,N,N
1,N,N
1,N,N
1,N,N
1,N,N
1,N,N
1,N,N
1,N,N
1,N,N
1,N,N
1,N,N
1,N,N
1,N,N
1,N,N
1,N,N
1,N,N
1,N,N
1,Y,N
1,N,N
1,N,N
1,N,N
1,N,N
1,N,N
1,N,N
1,N,N
1,N,N
1,N,N
1,N,N
1,N,N
1,N,N
1,N,N
1,N,N
1,N,N
1,N,N
1,N,N
1,N,N
1,N,N
1,N,N
1,Y,N
1,N,N
1,Y,N
1,N,N
1,N,N
1,N,N
1,N,N
1,N,N
1,N,N
1,N,N
1,N,N
1,N,N
1,Y,N
1,N,N
1,N,N
1,Y,N
1,N,N
1,N,N
1,N,N
1,Y,N
1,N,N
1,N,N
1,N,N
1,N,N
1,N,N
1,N,N
1,N,N
1,N,N
1,N,N
1,N,N
1,N,N
1,N,N
1,N,N
1,N,N
1,N,N
1,N,N
1,N,N
1,N,N
1,N,N
1,N,N
1,Y,N
1,N,N
1,N,N
1,N,N
1,N,N
1,N,N
1,N,N
1,N,N
1,N,N
1,Y,N
1,N,N
1,N,N
1,N,N
1,N,N
1,N,N
1,N,N
1,N,N
1,N,N
1,N,N
1,N,N
1,Y,N
1,N,N
1,N,N
1,N,N
1,N,N
1,N,N
1,N,N
1,N,N
1,N,N
1,N,N
1,Y,N
1,N,N
1,N,N
1,N,N
1,N,N
1,N,N
1,N,N
1,N,N
1,N,N
1,N,N
1,N,N
1,N,N
1,N,N
1,N,N
1,N,N
1,N,N
1,N,N
1,N,N
1,Y,N
1,N,N
1,N,N
1,N,N
1,N,N
1,N,N
1,N,N
1,N,N
1,N,N
1,N,N
1,N,N
1,N,N
1,N,N
1,N,N
1,N,N
1,N,N
1,N,N
1,N,N
1,N,N
1,N,N
1,N,N
1,N,N
1,N,N
1,N,N
1,N,N
1,N,N
1,N,N
1,N,N
1,N,N
1,Y,N
1,N,N
1,N,N
1,Y,N
1,N,N
1,N,N
1,N,N
1,Y,N
1,N,N
1,N,N
1,N,N
1,N,N
1,N,N
1,N,N
1,N,N
1,N,Y
1,N,N
1,N,N
1,N,N
1,N,N
1,N,N
1,N,N
1,N,N
1,N,N
1,N,N
1,N,N
1,N,N
1,N,N
1,N,N
1,N,N
1,N,N
1,N,N
1,N,N
1,N,N
1,N,N
1,N,N
1,N,N
1,N,N
1,N,N
1,N,N
1,N,N
1,N,N
1,N,N
1,N,N
1,N,N
1,N,N
1,Y,Y
1,N,N
1,N,N
1,N,N
1,N,N
1,N,N
1,N,N
1,N,N
1,N,N
1,N,N
1,N,N
1,N,N
1,Y,N
1,N,N
1,Y,N
1,N,N
1,Y,Y
1,N,N
1,N,N
1,N,N
1,N,N
1,N,N
1,N,N
1,N,N
1,N,N
1,N,N
1,N,N
1,N,N
1,N,N
1,N,N
1,N,N
1,N,N
1,N,N
1,N,N
1,N,N
1,N,N
1,Y,N
1,N,N
1,N,N
1,N,N
1,N,N
1,N,N
1,N,N
1,N,N
1,N,N
1,N,N
1,N,N
1,N,N
1,N,N
1,N,N
1,N,N
1,N,N
1,N,N
1,N,N
1,Y,N
1,N,N
1,N,N
1,N,N
1,N,N
1,N,N
1,N,N
1,N,N
1,N,N
1,N,N
1,N,N
1,N,N
1,N,N
1,N,N
1,N,N
1,N,N
1,N,N
1,N,N
1,N,N
1,N,N
1,N,N
1,N,N
1,N,N
1,N,N
1,N,N
1,N,N
1,N,N
1,Y,Y
1,N,N
1,N,N
1,N,N
1,N,N
1,N,N
1,N,N
1,N,N
1,N,N
1,N,N
1,N,N
1,N,N
1,N,N
1,N,N
1,N,N
1,N,N
1,N,N
1,Y,N
1,N,N
1,N,N
1,N,N
1,N,N
1,N,N
1,N,N
1,N,N
1,N,N
1,N,N
1,N,N
1,N,N
1,N,N
1,N,N
1,N,N
1,N,N
1,N,N
1,N,N
1,N,N
1,N,N
1,N,N
1,N,N
1,Y,N
1,N,N
1,N,N
1,Y,N
1,N,N
1,Y,Y
1,N,N
1,N,N
1,N,N
1,N,N
1,N,N
1,N,N
1,N,N
1,N,N
1,N,N
1,N,N
1,N,N
1,N,N
1,Y,N
1,N,N
1,N,N
1,Y,N
1,N,Y
1,N,N
1,N,N
1,N,N
1,N,N
1,N,N
1,N,N
1,N,N
1,Y,Y
1,N,N
1,N,N
1,Y,N
1,N,N
1,N,N
1,Y,N
1,N,N
1,N,N
1,N,N
1,N,N
1,N,N
1,N,N
1,N,N
1,N,N
1,N,N
1,N,N
1,N,N
1,N,N
1,N,N
1,N,N
1,N,N
1,N,N
1,N,N
1,N,N
1,N,N
1,N,N
1,N,N
1,N,N
1,N,N
1,N,N
1,N,N
1,N,N
1,N,N
1,N,N
1,N,N
1,N,N
1,N,N
1,N,N
1,N,N
1,N,N
1,N,N
1,N,N
1,N,N
1,N,N
1,N,N
1,N,N
1,N,N
1,N,N
1,N,N
1,Y,N
1,N,N
1,N,N
1,N,N
1,N,N
1,N,N
1,N,N
1,N,N
1,N,N
1,Y,Y
1,N,N
1,N,N
1,N,N
1,N,N
1,N,N
1,N,N
1,N,N
1,N,N
1,N,N
1,N,N
1,N,N
1,N,Y
1,N,N
1,N,N
1,N,N
1,N,N
1,N,N
1,N,N
1,N,N
1,N,N
1,N,N
1,N,N
1,N,N
1,Y,Y
1,N,N
1,N,N
1,N,N
1,N,N
1,N,N
1,N,N
1,N,N
1,Y,N
1,N,N
1,N,N
1,N,N
1,N,N
1,N,N
1,N,N
1,N,N
1,N,N
1,N,N
1,N,N
1,N,N
1,N,N
1,Y,Y
1,N,N
1,N,N
1,N,N
1,N,Y
1,N,N
1,N,N
1,N,N
1,N,N
1,N,N
1,N,N
1,N,N
1,Y,N
1,N,N
1,N,N
1,N,N
1,N,N
1,Y,N
1,N,N
1,N,N
1,N,N
1,N,N
1,N,N
1,N,N
1,N,N
1,N,N
1,N,N
1,N,N
1,N,N
1,N,N
1,N,N
1,N,N
1,N,N
1,N,N
1,Y,N
1,N,N
1,N,N
1,N,N
1,N,N
1,N,N
1,N,N
1,N,N
1,N,N
1,N,N
1,N,N
1,N,N
1,N,N
1,N,N
1,Y,Y
1,N,N
1,N,N
1,N,N
1,N,N
1,N,N
1,N,N
1,N,N
1,N,N
1,Y,N
1,N,N
1,N,N
1,N,N
1,N,N
1,Y,Y
1,N,N
1,N,N
1,N,N
1,N,N
1,N,N
1,N,N
1,N,N
1,N,N
1,N,N
1,N,N
1,N,N
1,N,N
1,N,N
1,N,Y
1,N,N
1,N,N
1,N,N
1,N,N
1,N,N
1,N,N
1,N,N
1,N,N
1,N,N
1,N,N
1,N,N
1,N,N
1,N,N
1,N,N
1,N,N
1,N,N
1,Y,N
1,N,N
1,N,N
1,N,N
1,Y,N
1,N,N
1,N,N
1,N,N
1,N,N
1,N,N
1,N,N
1,N,N
1,N,N
1,N,N
1,Y,N
1,Y,N
1,N,N
1,N,N
1,N,N
1,N,N
1,N,N
1,N,N
1,N,N
1,N,N
1,N,N
1,N,N
1,N,N
1,N,N
1,N,N
1,N,N
1,N,N
1,N,N
1,N,N
1,N,N
1,Y,Y
1,N,N
1,N,N
1,N,N
1,N,N
1,N,N
1,N,N
1,N,N
1,N,N
1,Y,N
1,N,N
1,N,N
1,N,N
1,N,N
1,N,N
1,Y,N
1,N,N
1,N,N
1,Y,Y
1,N,N
1,N,N
1,N,N
1,N,N
1,Y,N
1,N,N
1,N,N
1,N,N
1,N,N
1,Y,Y
1,N,N
1,N,N
1,N,N
1,Y,N
1,Y,Y
1,N,N
1,Y,N
1,N,N
1,Y,N
1,Y,Y
1,N,N
1,N,N
1,N,N
1,N,N
1,N,N
1,N,N
1,Y,Y
1,N,N
1,N,N
1,N,N
1,N,N
1,N,N
1,N,N
1,N,N
1,Y,N
1,N,N
1,N,N
1,N,N
1,N,N
1,N,N
1,N,N
1,N,N
1,N,N
1,N,N
1,N,N
1,N,N
1,N,N
1,N,N
1,N,N
1,N,N
1,N,N
1,N,N
1,N,N
2,Y,N
2,N,N
2,N,N
2,N,N
2,N,N
2,N,N
2,N,N
2,N,N
2,N,N
2,N,N
2,N,N
2,N,N
2,N,N
2,N,N
2,N,N
2,N,N
2,N,N
2,N,N
2,Y,N
2,Y,N
2,N,N
2,N,N
2,N,N
2,N,N
2,N,N
2,N,N
2,N,N
2,N,N
2,N,N
2,N,N
2,N,N
2,N,N
2,N,N
2,N,N
2,N,N
2,N,N
2,N,N
2,N,N
2,N,N
2,N,N
2,N,N
2,N,N
2,N,N
2,N,N
2,N,N
2,N,N
2,N,N
2,N,N
2,N,N
2,Y,N
2,N,N
2,N,N
2,N,N
2,N,N
2,N,N
2,N,N
2,N,N
2,N,N
2,N,N
2,N,N
2,N,N
2,N,N
2,Y,N
2,N,N
2,N,N
2,N,N
2,N,N
2,N,N
2,N,N
2,N,N
2,N,N
2,N,N
2,N,N
2,N,N
2,N,N
2,N,N
2,N,N
2,N,N
2,Y,N
2,N,N
2,N,N
2,N,N
2,N,N
2,N,N
2,N,N
2,N,N
2,N,N
2,N,N
2,N,N
2,N,N
2,N,N
2,N,N
2,N,N
2,N,N
2,N,N
2,Y,N
2,N,N
2,N,N
2,N,N
2,N,N
2,N,N
2,N,N
2,N,N
2,N,N
2,N,N
2,N,N
2,N,N
2,N,N
2,N,N
2,N,N
2,N,N
2,N,N
2,N,N
2,N,N
2,N,N
2,N,N
2,N,N
2,N,N
2,N,N
2,N,N
2,N,N
2,N,N
2,N,N
2,N,N
2,N,N
2,N,N
2,N,N
2,N,N
2,N,N
2,N,N
2,N,N
2,N,N
2,N,N
2,N,N
2,N,N
2,N,N
2,N,N
2,Y,N
2,N,N
2,N,N
2,N,N
2,N,N
2,N,N
2,N,N
2,N,N
2,N,N
2,N,N
2,N,N
2,N,N
2,N,N
2,N,N
2,Y,Y
2,N,N
2,N,N
2,N,N
2,N,N
2,N,Y
2,N,N
2,N,N
2,N,N
2,N,N
2,N,N
2,N,N
2,N,N
2,N,N
2,N,N
2,N,N
2,N,N
2,N,N
2,N,N
2,N,N
2,N,N
2,N,N
2,N,N
2,N,N
2,N,N
2,N,N
2,N,N
2,N,N
2,N,N
2,N,N
2,N,N
2,N,N
2,N,N
2,N,N
2,N,N
2,N,N
2,N,N
2,N,N
2,N,N
2,N,N
2,N,N
2,N,N
2,N,N
2,N,N
2,N,N
2,N,N
2,N,N
2,N,N
2,N,N
2,N,N
2,Y,N
2,N,N
2,N,N
2,N,N
2,N,N
2,N,N
2,N,N
2,N,N
2,N,N
2,N,N
2,N,N
2,N,N
2,N,N
2,N,N
2,N,N
2,N,N
2,N,N
2,N,N
2,N,N
2,N,N
2,N,N
2,N,N
2,N,N
2,N,N
2,N,N
2,N,N
2,N,N
2,N,N
2,N,N
2,N,N
2,N,N
2,N,N
2,N,N
2,N,N
2,Y,Y
2,N,N
2,N,N
2,Y,N
2,N,N
2,N,N
2,N,N
2,N,N
2,N,N
2,N,N
2,N,N
2,N,N
2,N,N
2,N,N
2,N,N
2,N,N
2,N,N
2,N,N
2,N,N
2,N,N
2,N,N
2,N,N
2,N,N
2,N,N
2,N,N
2,N,N
2,N,N
2,N,N
2,N,N
2,N,N
2,N,N
2,N,N
2,N,N
2,N,N
2,N,N
2,N,N
2,N,N
2,N,N
2,N,N
2,N,N
2,N,N
2,Y,N
2,N,N
2,N,N
2,N,N
2,N,N
2,N,N
2,N,N
2,N,N
2,Y,N
2,N,N
2,N,N
2,N,N
2,N,N
2,N,N
2,N,N
2,N,N
2,N,N
2,N,N
2,N,N
2,N,N
2,N,N
2,N,N
2,N,N
2,N,N
2,N,N
2,N,N
2,N,N
2,N,N
2,N,N
2,N,N
2,N,N
2,N,N
2,N,N
2,N,N
2,N,N
2,N,N
2,N,N
2,N,N
2,N,N
2,N,N
2,N,N
2,N,N
2,N,Y
2,N,N
2,Y,N
2,N,N
2,N,N
2,N,N
2,N,N
2,N,N
2,N,N
2,N,N
2,N,N
2,N,N
2,N,N
2,N,N
2,N,N
2,N,N
2,N,N
2,N,N
2,N,N
2,N,N
2,Y,N
2,N,N
2,N,N
2,N,N
2,N,N
2,N,N
2,N,N
2,N,N
2,N,N
2,N,N
2,N,N
2,N,N
2,N,N
2,N,N
2,Y,N
2,N,N
2,N,N
2,N,N
2,N,N
2,N,N
2,N,N
2,Y,N
2,N,N
2,N,N
2,N,N
2,N,N
2,N,N
2,Y,Y
2,N,N
2,N,N
2,N,N
2,N,N
2,N,Y
2,N,N
2,N,N
2,N,N
2,N,N
2,N,N
2,N,N
2,N,N
2,N,N
2,N,N
2,N,N
2,N,N
2,N,N
2,N,N
2,N,N
2,N,N
2,N,N
2,N,N
2,N,N
2,N,N
2,N,N
2,Y,Y
2,N,N
2,N,N
2,N,Y
2,N,N
2,N,N
2,N,N
2,N,N
2,N,N
2,N,N
2,N,Y
2,N,N
2,N,N
2,N,N
2,N,N
2,N,N
2,Y,N
2,N,N
2,N,N
2,N,N
2,N,N
2,N,N
2,N,N
2,N,N
2,N,N
2,Y,N
2,N,Y
2,N,N
2,Y,N
2,N,N
2,N,N
2,N,N
2,N,N
2,N,N
2,N,N
2,N,N
2,N,N
2,N,N
2,N,N
2,N,N
2,N,N
2,N,N
2,N,N
2,N,N
2,N,N
2,N,N
2,N,N
2,N,N
2,N,N
2,N,N
2,Y,N
2,N,N
2,N,N
2,N,N
2,N,N
2,N,N
2,N,N
2,N,N
2,N,N
2,N,N
2,N,N
2,N,N
2,N,N
2,N,N
2,N,N
2,N,N
2,N,N
2,N,N
2,Y,Y
2,N,N
2,N,N
2,N,N
2,N,N
2,N,N
2,N,N
2,N,N
2,N,N
2,Y,Y
2,N,N
2,N,N
2,Y,Y
2,Y,N
2,N,Y
2,N,N
2,N,N
2,N,N
2,N,N
2,Y,N
2,N,N
2,N,N
2,N,N
2,N,N
2,Y,N
2,N,N
2,N,N
2,N,N
2,N,N
2,N,N
2,N,N
2,Y,Y
2,N,N
2,N,N
2,N,N
2,N,N
2,N,N
2,N,N
2,N,N
2,N,N
2,N,N
2,N,N
2,N,N
2,N,N
2,N,N
2,N,N
2,N,N
2,N,N
2,N,N
2,N,N
2,N,N
2,Y,N
2,N,N
2,N,N
2,N,N
2,N,N
2,N,N
2,Y,N
2,N,N
2,N,N
2,Y,N
2,N,N
2,N,N
2,N,N
2,N,N
2,N,N
2,N,N
2,N,N
2,N,N
2,N,N
2,N,N
2,N,N
2,Y,N
2,Y,Y
2,N,N
2,N,N
2,N,N
2,N,N
2,N,N
2,N,N
2,N,N
2,N,N
2,N,N
2,N,N
2,N,N
2,N,N
2,N,N
2,N,N
2,N,N
2,N,N
2,N,N
2,N,N
2,N,N
2,N,N
2,N,N
2,N,N
2,N,N
2,N,N
2,N,N
2,N,N
2,N,N
2,N,N
2,N,N
2,N,N
2,N,N
2,N,N
2,N,N
2,N,N
2,N,N
2,N,N
2,N,N
2,N,N
2,N,N
2,N,N
2,N,N
2,N,N
2,N,N
2,N,N
2,N,N
2,N,Y
2,N,N
2,N,N
2,Y,Y
2,N,N
2,N,N
2,N,N
2,N,N
2,N,N
2,N,N
2,N,N
2,N,N
2,N,N
2,N,N
2,N,N
2,N,N
2,N,N
2,N,N
2,N,N
2,N,N
2,N,N
2,N,N
2,N,N
2,N,N
2,N,N
2,N,N
2,N,N
2,N,N
2,N,N
2,N,N
2,N,N
2,N,N
2,N,N
2,N,N
2,N,N
2,N,N
2,N,N
2,N,N
2,N,N
2,Y,N
2,N,N
2,N,N
2,N,N
2,N,N
2,N,N
2,N,N
2,N,N
2,N,N
2,N,N
2,N,N
2,N,N
2,N,N
2,N,N
2,N,N
2,N,N
2,Y,N
2,N,N
2,N,N
2,N,N
2,N,N
2,N,N
2,N,N
2,N,N
2,N,N
2,N,N
2,N,N
2,N,N
2,N,N
2,N,N
2,N,N
2,N,N
2,N,N
2,N,N
2,N,N
2,N,N
2,N,N
2,N,N
2,N,N
2,N,N
2,N,N
2,N,N
2,N,N
2,N,N
2,N,N
2,N,N
2,N,N
2,N,N
2,N,N
2,N,N
2,N,N
2,N,N
2,N,N
2,N,N
2,N,N
2,N,N
2,N,N
2,N,N
2,N,N
2,N,N
2,N,N
2,N,N
2,N,N
2,N,N
2,N,N
2,N,N
2,N,N
2,N,N
2,N,N
2,N,N
2,N,N
2,N,N
2,N,N
2,N,N
2,N,N
2,N,N
2,N,N
2,N,N
2,N,N
2,N,N
2,N,N
2,N,N
2,Y,N
2,N,N
2,N,N
2,Y,Y
2,N,N
2,N,N
2,N,N
2,N,N
2,N,N
2,Y,Y
2,N,N
2,N,N
2,N,N
2,N,N
2,N,N
2,N,N
2,N,N
2,N,N
2,N,N
2,N,N
2,N,N
2,N,N
2,N,N
2,N,N
2,N,N
2,N,N
2,N,N
2,N,N
2,N,N
2,N,N
2,N,N
2,Y,N
2,N,N
2,N,N
2,N,N
2,N,N
2,N,N
2,N,N
2,N,N
2,N,N
2,N,N
2,N,N
2,N,N
2,N,N
2,N,N
2,N,N
2,N,N
2,N,N
2,N,N
2,N,N
2,N,Y
2,N,N
2,N,N
2,N,N
2,N,N
2,N,N
2,N,N
2,N,N
2,N,N
2,N,N
2,N,N
2,N,N
2,N,N
2,Y,N
2,N,N
2,N,N
2,Y,Y
2,N,N
2,N,N
2,N,N
2,N,N
2,N,N
2,N,N
2,N,N
2,N,N
2,N,N
2,N,N
2,N,N
2,N,N
2,N,N
2,N,N
2,N,N
2,N,N
2,N,N
2,N,N
2,Y,Y
2,N,N
2,N,N
2,N,N
2,N,N
2,N,N
2,N,N
2,N,N
2,N,N
2,N,N
2,N,N
2,N,N
2,N,N
2,N,N
2,N,N
2,N,N
2,N,Y
2,N,N
2,N,N
2,N,N
2,N,N
2,N,N
2,N,N
2,N,N
2,N,N
2,N,N
2,N,N
2,N,N
2,N,N
2,N,N
2,N,N
2,N,N
2,N,N
2,N,N
2,N,N
2,Y,N
2,N,N
2,N,N
2,N,N
2,N,N
2,N,N
2,N,N
2,N,N
2,N,N
2,N,N
2,N,N
2,N,N
2,N,N
3,N,N
3,N,N
3,N,N
3,N,N
3,N,N
3,Y,N
3,N,N
3,N,N
3,N,N
3,N,N
3,N,N
3,N,N
3,N,N
3,N,N
3,N,N
3,Y,N
3,N,N
3,N,N
3,N,N
3,N,N
3,N,N
3,N,N
3,Y,Y
3,N,N
3,Y,N
3,N,N
3,N,N
3,N,N
3,N,N
3,N,N
3,N,N
3,Y,N
3,N,N
3,N,N
3,N,N
3,N,N
3,N,N
3,N,N
3,N,N
3,N,N
3,N,N
3,N,N
3,N,N
3,N,N
3,N,N
3,N,N
3,N,N
3,N,N
3,N,N
3,N,N
3,Y,Y
3,N,N
3,N,N
3,N,N
3,N,N
3,N,N
3,N,N
3,N,N
3,N,N
3,N,N
3,N,N
3,N,N
3,N,N
3,N,N
3,N,N
3,N,N
3,N,N
3,N,N
3,N,N
3,N,N
3,N,N
3,Y,N
3,N,N
3,N,N
3,N,N
3,N,N
3,N,N
3,N,N
3,N,N
3,N,N
3,N,N
3,N,N
3,N,N
3,N,N
3,N,N
3,N,N
3,N,N
3,N,N
3,N,N
3,N,N
3,N,N
3,N,N
3,N,N
3,N,N
3,Y,N
3,N,N
3,N,N
3,N,N
3,N,N
3,N,N
3,N,N
3,N,N
3,N,N
3,N,N
3,N,N
3,N,N
3,N,N
3,N,N
3,N,N
3,N,N
3,N,N
3,N,N
3,Y,N
3,N,N
3,N,N
3,N,N
3,N,N
3,N,N
3,N,N
3,N,N
3,N,N
3,N,N
3,N,N
3,N,N
3,N,N
3,Y,N
3,N,N
3,N,N
3,N,N
3,N,N
3,N,N
3,Y,N
3,N,N
3,N,N
3,N,N
3,N,N
3,Y,N
3,N,N
3,N,N
3,N,N
3,Y,N
3,N,N
3,N,N
3,N,N
3,N,N
3,N,N
3,N,N
3,N,N
3,N,N
3,N,N
3,N,N
3,N,N
3,N,N
3,N,N
3,N,N
3,N,N
3,N,N
3,N,N
3,N,N
3,Y,N
3,N,N
3,N,N
3,N,N
3,N,N
3,N,N
3,N,N
3,N,N
3,N,N
3,N,N
3,N,N
3,N,N
3,N,N
3,Y,N
3,N,N
3,N,N
3,N,N
3,N,N
3,N,N
3,N,N
3,N,N
3,N,N
3,N,N
3,N,N
3,N,N
3,N,N
3,N,N
3,N,N
3,N,N
3,N,N
3,N,N
3,N,Y
3,N,N
3,N,N
3,N,N
3,Y,Y
3,N,N
3,N,N
3,Y,Y
3,N,N
3,N,N
3,N,N
3,N,N
3,N,N
3,N,N
3,N,N
3,N,N
3,N,N
3,N,N
3,N,N
3,N,N
3,N,N
3,N,N
3,N,N
3,N,N
3,N,N
3,N,N
3,N,N
3,N,N
3,N,N
3,N,N
3,N,N
3,N,N
3,N,N
3,Y,N
3,N,N
3,Y,N
3,N,N
3,N,N
3,N,N
3,N,N
3,N,N
3,Y,N
3,N,N
3,N,N
3,N,N
3,N,N
3,N,N
3,N,N
3,N,N
3,N,N
3,N,N
3,N,N
3,N,N
3,N,N
3,N,N
3,N,N
3,N,N
3,N,N
3,N,N
3,N,N
3,N,N
3,Y,N
3,N,N
3,N,N
3,N,N
3,N,N
3,N,N
3,N,N
3,N,N
3,N,N
3,N,N
3,N,N
3,N,N
3,N,N
3,N,N
3,N,N
3,N,N
3,N,N
3,N,N
3,Y,Y
3,N,N
3,N,N
3,N,N
3,N,N
3,N,N
3,N,N
3,N,N
3,N,N
3,N,N
3,N,N
3,N,N
3,N,N
3,N,N
3,N,N
3,N,N
3,N,N
3,N,N
3,N,N
3,N,N
3,N,N
3,Y,Y
3,N,N
3,N,N
3,N,N
3,N,N
3,N,N
3,N,N
3,N,N
3,N,N
3,N,N
3,N,N
3,N,N
3,N,N
3,N,N
3,N,N
3,N,N
3,N,N
3,N,N
3,N,N
3,N,N
3,N,N
3,N,N
3,N,N
3,N,N
3,N,N
3,N,N
3,N,N
3,N,N
3,N,N
3,N,N
3,Y,N
3,N,N
3,Y,N
3,N,N
3,N,N
3,N,Y
3,N,N
3,N,N
3,N,N
3,N,N
3,N,N
3,N,N
3,N,N
3,N,N
3,Y,N
3,N,N
3,Y,N
3,N,N
3,N,N
3,N,N
3,N,N
3,N,N
3,N,N
3,N,N
3,N,N
3,Y,Y
3,N,N
3,N,N
3,N,N
3,N,N
3,N,N
3,N,N
3,N,N
3,N,N
3,N,N
3,N,N
3,N,N
3,N,N
3,N,N
3,N,N
3,N,N
3,N,N
3,N,N
3,N,N
3,N,N
3,N,N
3,N,N
3,N,N
3,N,N
3,N,N
3,N,N
3,Y,N
3,N,N
3,Y,N
3,N,N
3,N,N
3,N,N
3,N,N
3,N,N
3,N,N
3,N,N
3,N,N
3,N,N
3,Y,N
3,N,N
3,N,N
3,N,N
3,N,N
3,N,N
3,N,N
3,N,N
3,N,N
3,N,N
3,N,N
3,N,N
3,N,N
3,N,N
3,N,N
3,N,N
3,N,N
3,N,N
3,N,N
3,N,N
3,N,N
3,N,N
3,N,N
3,N,N
3,N,N
3,N,N
3,N,N
3,N,N
3,N,N
3,N,N
3,N,N
3,Y,N
3,N,N
3,N,N
3,N,N
3,Y,Y
3,N,N
3,N,N
3,N,N
3,N,N
3,N,N
3,N,N
3,N,N
3,Y,Y
3,Y,N
3,N,N
3,N,N
3,N,N
3,N,N
3,N,N
3,N,N
3,N,N
3,N,N
3,N,N
3,N,N
3,N,N
3,N,N
3,N,N
3,N,N
3,N,N
3,N,N
3,N,N
3,Y,N
3,N,N
3,N,N
3,N,N
3,N,N
3,N,N
3,N,N
3,N,N
3,N,N
3,N,N
3,N,N
3,N,N
3,N,N
3,N,N
3,N,N
3,N,N
3,N,N
3,N,N
3,N,N
3,N,N
3,N,N
3,Y,N
3,N,N
3,N,N
3,N,N
3,N,N
3,N,Y
3,N,N
3,N,N
3,N,N
3,N,N
3,N,N
3,N,N
3,N,N
3,N,N
3,N,N
3,N,N
3,N,N
3,N,N
3,N,N
3,N,N
3,N,N
3,N,N
3,N,N
3,N,N
3,N,N
3,N,N
3,Y,N
3,N,N
3,N,N
3,Y,N
3,N,N
3,N,N
3,N,N
3,N,N
3,N,N
3,N,N
3,N,N
3,N,N
3,N,N
3,N,N
3,Y,N
3,N,N
3,N,N
3,N,N
3,N,N
3,N,N
3,N,N
3,N,N
3,N,N
3,N,N
3,N,N
3,N,N
3,N,N
3,N,N
3,N,N
3,N,N
3,N,N
3,N,N
3,N,N
3,N,N
3,N,N
3,N,N
3,N,N
3,N,N
3,N,N
3,N,N
3,N,N
3,N,N
3,Y,N
3,N,N
3,N,N
3,N,N
3,N,N
3,N,N
3,N,N
3,N,N
3,Y,N
3,N,N
3,Y,N
3,N,N
3,N,N
3,Y,N
3,N,N
3,N,N
3,N,N
3,N,N
3,N,N
3,N,N
3,N,N
3,Y,N
3,N,N
3,N,N
3,N,N
3,N,N
3,N,N
3,N,N
3,N,N
3,N,N
3,N,N
3,N,N
3,N,N
3,N,N
3,N,N
3,N,N
3,N,N
3,Y,Y
3,N,N
3,N,N
3,N,N
3,N,N
3,N,N
3,N,N
3,N,N
3,N,N
3,N,N
3,N,N
3,Y,Y
3,Y,N
3,N,N
3,N,N
3,N,N
3,N,N
3,N,N
3,N,N
3,N,N
3,N,N
3,N,N
3,N,N
3,N,N
3,N,N
3,N,N
3,Y,N
3,N,N
3,N,N
3,Y,N
3,N,N
3,N,N
3,N,N
3,N,N
3,N,N
3,N,N
3,N,N
3,N,N
3,N,N
3,N,N
3,N,N
3,N,N
3,N,N
3,N,N
3,N,N
3,N,N
3,N,N
3,N,N
3,N,N
3,N,N
3,N,N
3,N,N
3,N,N
3,N,N
3,N,N
3,N,N
3,N,N
3,N,N
3,N,N
3,Y,N
3,N,N
3,N,N
3,N,N
3,N,N
3,N,N
3,N,N
3,N,N
3,N,N
3,N,N
3,N,N
3,N,N
3,N,N
3,N,N
3,N,N
3,N,N
3,N,N
3,N,N
3,N,N
3,N,N
3,Y,Y
3,N,N
3,N,N
3,N,N
3,N,N
3,Y,N
3,N,N
3,N,N
3,N,N
3,N,N
3,N,N
3,N,N
3,N,N
3,N,N
3,N,N
3,N,N
3,Y,N
3,N,N
3,N,N
3,N,N
3,N,N
3,N,N
3,N,N
3,N,N
3,Y,N
3,N,N
3,N,N
3,N,N
3,N,N
3,N,N
3,N,N
3,N,N
3,N,N
3,N,N
3,N,N
3,N,N
3,N,N
3,N,N
3,N,N
3,N,N
3,N,N
3,N,N
3,N,N
3,N,N
3,N,N
3,N,N
3,Y,N
3,N,N
3,N,N
3,N,N
3,N,N
3,N,N
3,N,N
3,N,N
3,N,N
3,N,N
3,N,N
3,N,N
3,N,N
3,N,N
3,N,N
3,N,N
3,N,N
3,N,N
3,N,N
3,N,N
3,N,N
3,N,N
3,Y,N
3,N,N
3,N,N
3,Y,N
3,N,N
3,N,Y
3,Y,Y
3,N,N
3,N,N
3,N,N
3,N,N
3,N,N
3,N,N
3,N,N
3,N,N
3,N,N
3,N,N
3,N,N
3,N,N
3,N,N
3,N,N
3,N,N
3,N,N
3,N,N
3,N,N
3,N,N
3,N,N
3,N,N
3,N,N
3,N,N
3,N,N
3,N,N
3,N,N
3,N,N
3,N,N
3,N,N
3,N,N
3,N,N
3,N,N
3,N,N
3,N,N
3,Y,N
3,Y,Y
3,N,N
3,Y,N
3,N,N
3,N,N
3,N,N
3,Y,N
3,N,N
3,N,N
3,N,N
3,N,N
3,N,N
3,N,N
3,N,N
3,N,N
3,Y,N
3,N,N
3,Y,N
3,N,N
3,N,N
3,N,N
3,N,N
3,N,N
3,N,N
3,N,N
3,N,N
3,Y,N
3,N,N
3,N,N
3,N,N
3,N,N
3,N,N
3,Y,Y
3,N,N
3,N,N
3,N,N
3,N,N
3,N,N
3,N,N
3,N,N
3,Y,N
3,N,N
3,N,N
3,N,N
3,N,N
3,N,N
3,N,N
3,N,N
3,Y,Y
3,N,N
3,N,N
3,N,N
3,N,N
3,N,N
3,N,N
3,N,N
3,N,N
3,N,N
3,N,N
3,N,N
3,N,N
3,N,N
3,Y,N
3,N,N
3,N,N
3,N,N
3,N,N
3,N,N
3,N,N
3,N,N
3,N,N
3,N,N
4,N,N
4,N,N
4,N,N
4,N,N
4,N,N
4,N,N
4,N,N
4,N,N
4,N,N
4,N,N
4,N,N
4,N,N
4,N,N
4,N,N
4,N,N
4,N,N
4,N,N
4,N,N
4,Y,N
4,N,N
4,N,N
4,N,N
4,N,N
4,N,N
4,N,N
4,N,N
4,N,N
4,N,N
4,N,N
4,N,N
4,N,N
4,N,N
4,N,N
4,N,N
4,N,N
4,N,N
4,N,N
4,N,N
4,N,N
4,Y,Y
4,N,N
4,N,N
4,N,N
4,N,N
4,N,N
4,N,N
4,N,Y
4,N,N
4,N,N
4,N,N
4,N,N
4,N,N
4,N,N
4,N,N
4,N,N
4,N,N
4,N,N
4,N,N
4,Y,Y
4,N,N
4,N,N
4,N,N
4,N,N
4,N,N
4,N,N
4,N,N
4,N,N
4,N,N
4,N,N
4,N,N
4,N,N
4,N,N
4,N,N
4,N,N
4,N,N
4,N,N
4,N,N
4,N,N
4,Y,N
4,N,N
4,N,N
4,N,N
4,N,N
4,N,N
4,N,N
4,N,N
4,Y,Y
4,N,N
4,N,N
4,N,N
4,N,N
4,N,N
4,N,N
4,Y,N
4,N,N
4,N,N
4,N,N
4,N,N
4,N,N
4,N,N
4,N,N
4,N,N
4,N,N
4,N,N
4,N,N
4,Y,Y
4,Y,Y
4,N,N
4,N,N
4,N,N
4,N,N
4,N,N
4,N,N
4,N,N
4,N,N
4,N,N
4,N,N
4,N,N
4,N,N
4,N,N
4,N,N
4,N,N
4,N,N
4,N,N
4,Y,N
4,N,N
4,N,N
4,N,N
4,N,Y
4,N,N
4,N,N
4,N,N
4,N,N
4,N,N
4,N,N
4,N,N
4,N,N
4,N,N
4,N,N
4,N,N
4,N,N
4,N,N
4,N,N
4,N,N
4,N,N
4,N,N
4,N,N
4,N,N
4,N,N
4,N,N
4,N,N
4,N,N
4,N,N
4,N,N
4,N,N
4,N,N
4,N,N
4,N,N
4,N,N
4,N,N
4,N,N
4,Y,N
4,N,N
4,N,N
4,N,N
4,N,N
4,N,N
4,N,N
4,N,N
4,N,N
4,N,N
4,N,Y
4,N,N
4,N,N
4,N,N
4,N,N
4,N,N
4,N,N
4,N,N
4,N,N
4,N,N
4,N,N
4,N,N
4,N,N
4,N,N
4,N,N
4,N,N
4,Y,N
4,N,N
4,N,N
4,N,N
4,N,N
4,N,N
4,N,N
4,N,N
4,N,N
4,N,N
4,N,N
4,N,N
4,N,N
4,N,N
4,N,N
4,N,N
4,N,N
4,N,N
4,N,N
4,Y,N
4,N,N
4,N,N
4,N,N
4,N,N
4,N,N
4,N,N
4,N,N
4,N,N
4,N,N
4,N,N
4,N,N
4,N,N
4,N,N
4,N,N
4,N,N
4,N,N
4,N,N
4,Y,N
4,N,N
4,N,N
4,N,N
4,N,N
4,Y,N
4,N,N
4,N,N
4,N,Y
4,N,N
4,N,N
4,N,N
4,N,N
4,Y,N
4,N,N
4,N,N
4,N,N
4,N,N
4,N,Y
4,N,N
4,N,N
4,N,N
4,N,N
4,N,N
4,N,N
4,N,N
4,N,N
4,N,N
4,Y,N
4,N,N
4,N,N
4,N,N
4,N,N
4,N,N
4,N,N
4,N,N
4,N,N
4,N,N
4,N,N
4,N,N
4,N,N
4,N,N
4,N,N
4,N,N
4,N,N
4,N,N
4,Y,N
4,N,N
4,N,N
4,Y,N
4,N,N
4,N,N
4,N,N
4,N,N
4,N,N
4,N,N
4,N,N
4,N,N
4,N,Y
4,N,N
4,N,N
4,N,N
4,Y,Y
4,N,N
4,N,N
4,N,N
4,N,N
4,N,N
4,N,N
4,N,N
4,N,N
4,N,N
4,N,N
4,N,N
4,N,N
4,Y,N
4,N,N
4,N,N
4,N,N
4,N,N
4,N,N
4,N,N
4,N,N
4,N,N
4,N,N
4,N,N
4,Y,N
4,N,N
4,N,N
4,N,N
4,N,N
4,N,N
4,N,N
4,N,N
4,N,N
4,N,N
4,N,N
4,N,N
4,N,N
4,N,N
4,N,N
4,N,N
4,N,N
4,N,N
4,N,N
4,N,N
4,N,N
4,N,N
4,N,N
4,N,N
4,N,N
4,N,N
4,N,N
4,N,N
4,N,N
4,N,N
4,N,N
4,N,N
4,N,N
4,N,N
4,N,N
4,N,N
4,N,N
4,N,N
4,N,N
4,N,N
4,N,N
4,N,N
4,N,N
4,N,N
4,N,N
4,N,N
4,N,N
4,N,N
4,N,N
4,N,N
4,N,N
4,N,N
4,N,N
4,N,N
4,N,N
4,N,N
4,N,N
4,N,N
4,N,N
4,N,N
4,N,N
4,N,N
4,N,N
4,N,N
4,N,N
4,N,N
4,N,N
4,N,N
4,Y,N
4,N,N
4,Y,Y
4,N,N
4,N,N
4,N,N
4,N,N
4,N,N
4,N,N
4,N,N
4,N,N
4,N,N
4,N,N
4,N,N
4,N,N
4,N,N
4,N,N
4,N,Y
4,N,N
4,Y,N
4,N,N
4,N,N
4,N,N
4,N,N
4,N,N
4,Y,N
4,N,N
4,N,N
4,N,N
4,N,N
4,N,N
4,N,N
4,N,N
4,N,N
4,N,N
4,Y,N
4,N,N
4,N,N
4,N,N
4,N,N
4,N,N
4,N,N
4,N,N
4,N,N
4,N,N
4,N,N
4,N,N
4,N,N
4,N,N
4,N,N
4,N,N
4,N,N
4,N,N
4,N,N
4,N,N
4,N,N
4,N,N
4,N,N
4,N,N
4,N,N
4,N,N
4,N,N
4,N,N
4,N,N
4,N,N
4,N,N
4,N,N
4,N,N
4,N,N
4,N,N
4,N,N
4,Y,N
4,N,N
4,Y,N
4,N,N
4,N,N
4,N,N
4,N,N
4,N,N
4,N,N
4,N,N
4,N,N
4,N,N
4,N,N
4,N,N
4,N,N
4,N,N
4,N,N
4,N,N
4,N,N
4,N,N
4,N,N
4,N,N
4,N,N
4,N,N
4,N,N
4,N,N
4,N,N
4,N,N
4,N,N
4,N,N
4,N,N
4,N,N
4,N,N
4,N,N
4,N,N
4,N,N
4,Y,N
4,N,N
4,N,N
4,N,N
4,N,N
4,N,N
4,N,N
4,N,N
4,N,N
4,N,N
4,N,N
4,N,N
4,N,N
4,N,N
4,N,N
4,N,N
4,N,N
4,N,N
4,N,N
4,N,N
4,N,N
4,N,N
4,N,N
4,N,N
4,N,N
4,N,N
4,N,N
4,N,N
4,Y,Y
4,N,N
4,N,N
4,N,N
4,N,N
4,N,N
4,N,N
4,N,N
4,N,N
4,N,N
4,N,N
4,N,N
4,N,N
4,N,N
4,Y,Y
4,N,N
4,N,N
4,N,N
4,Y,N
4,N,N
4,N,N
4,N,N
4,N,N
4,N,N
4,N,N
4,N,N
4,N,N
4,N,N
4,N,N
4,Y,Y
4,N,N
4,N,N
4,N,N
4,N,N
4,N,N
4,N,N
4,N,Y
4,N,N
4,N,N
4,N,N
4,N,N
4,N,N
4,N,N
4,N,N
4,N,N
4,N,N
4,N,N
4,N,N
4,N,N
4,N,N
4,N,N
4,N,N
4,N,N
4,N,N
4,N,N
4,N,N
4,N,N
4,Y,N
4,N,N
4,N,N
4,N,N
4,N,N
4,N,N
4,N,N
4,N,N
4,N,N
4,N,N
4,N,N
4,N,N
4,N,N
4,N,N
4,N,Y
4,N,N
4,N,N
4,N,N
4,N,N
4,N,N
4,N,N
4,N,N
4,N,N
4,N,N
4,N,N
4,N,N
4,N,N
4,N,N
4,N,N
4,Y,N
4,N,N
4,N,N
4,N,N
4,N,N
4,N,N
4,N,N
4,N,N
4,Y,N
4,Y,N
4,N,N
4,N,N
4,Y,Y
4,N,N
4,N,N
4,N,N
4,N,N
4,N,N
4,N,N
4,N,N
4,N,N
4,N,N
4,N,N
4,N,N
4,N,N
4,N,N
4,N,N
4,N,N
4,N,N
4,N,N
4,N,N
4,N,N
4,N,N
4,N,N
4,N,N
4,N,N
4,N,N
4,N,N
4,N,N
4,N,N
4,N,N
4,N,N
4,N,N
4,N,N
4,N,N
4,N,N
4,N,N
4,N,N
4,N,N
4,N,N
4,N,N
4,N,N
4,N,N
4,N,N
4,Y,N
4,N,N
4,N,N
4,N,N
4,N,N
4,N,N
4,N,N
4,N,N
4,N,N
4,N,N
4,N,N
4,N,N
4,N,N
4,N,N
4,N,N
4,N,N
4,N,N
4,N,N
4,N,N
4,N,N
4,N,N
4,N,N
4,N,N
4,N,N
4,N,N
4,N,N
4,N,N
4,N,N
4,N,N
4,Y,N
4,N,N
4,N,Y
4,N,N
4,N,N
4,N,N
4,N,N
4,N,N
4,Y,Y
4,N,N
4,N,N
4,N,N
4,N,Y
4,N,N
4,N,N
4,N,N
4,N,N
4,N,N
4,N,N
4,N,N
4,N,N
4,N,N
4,N,N
4,N,N
4,N,N
4,N,N
4,N,N
4,N,N
4,N,N
4,N,N
4,N,N
4,N,N
4,N,N
4,N,N
4,N,N
4,N,N
4,N,N
4,N,N
4,N,N
4,N,N
4,N,N
4,N,N
4,Y,Y
4,Y,N
4,N,N
4,N,N
4,N,N
4,N,N
4,N,N
4,N,N
4,N,N
4,N,N
4,N,N
4,N,N
4,N,N
4,N,N
4,N,N
4,N,N
4,Y,Y
4,N,N
4,Y,Y
4,Y,N
4,N,N
4,N,N
4,Y,N
4,N,N
4,N,N
4,N,N
4,N,N
4,N,N
4,N,N
4,N,N
4,N,N
4,N,N
4,Y,N
4,N,N
4,N,N
4,N,N
4,N,N
4,N,N
4,N,N
4,N,N
4,N,N
4,Y,N
4,N,N
4,N,N
4,N,N
4,N,N
4,N,N
4,N,N
4,N,N
4,N,N
4,N,N
4,N,Y
4,Y,N
4,N,N
4,N,N
4,N,N
4,N,N
4,N,N
4,N,N
4,N,N
4,N,N
4,N,N
4,N,N
4,N,N
4,N,N
4,N,N
4,N,N
4,N,N
4,N,N
4,N,N
4,N,N
4,N,N
4,N,N
4,N,N
4,N,N
4,N,N
4,N,N
4,N,N
4,N,N
4,N,N
4,N,N
4,N,N
4,N,N
4,N,N
4,N,N
4,N,N
4,N,N
4,N,N
4,N,N
4,N,N
4,N,N
4,N,N
4,N,N
4,N,N
4,N,N
4,N,N
4,N,N
4,N,N
4,N,N
4,N,N
4,N,N
4,N,N
4,N,N
4,N,N
4,N,N
4,N,N
4,N,N
4,N,N
5,Y,N
5,N,N
5,N,N
5,N,N
5,N,N
5,N,N
5,N,N
5,N,N
5,N,N
5,N,N
5,N,N
5,N,N
5,N,N
5,N,N
5,N,N
5,N,N
5,N,N
5,N,N
5,N,N
5,N,N
5,N,Y
5,N,N
5,N,N
5,N,N
5,N,N
5,Y,N
5,N,N
5,N,N
5,N,N
5,N,N
5,N,N
5,N,N
5,N,N
5,N,N
5,N,N
5,N,N
5,Y,N
5,N,N
5,Y,N
5,N,N
5,N,N
5,Y,N
5,N,N
5,N,N
5,N,N
5,N,N
5,N,N
5,N,N
5,N,N
5,N,N
5,N,N
5,N,N
5,N,N
5,N,N
5,N,N
5,N,N
5,N,N
5,N,N
5,N,N
5,N,N
5,N,N
5,N,N
5,N,N
5,N,N
5,N,N
5,N,N
5,N,N
5,N,Y
5,N,N
5,N,N
5,N,N
5,N,N
5,N,N
5,N,N
5,N,N
5,N,N
5,N,N
5,N,N
5,N,N
5,N,N
5,N,N
5,N,N
5,N,N
5,N,N
5,N,N
5,N,N
5,N,N
5,N,N
5,N,N
5,N,N
5,N,N
5,N,N
5,N,N
5,N,N
5,N,N
5,N,N
5,N,N
5,N,N
5,N,N
5,N,N
5,Y,N
5,N,N
5,N,N
5,N,N
5,Y,Y
5,N,N
5,N,N
5,N,N
5,N,N
5,N,N
5,N,N
5,N,N
5,N,N
5,N,N
5,N,N
5,N,N
5,N,N
5,N,N
5,N,N
5,Y,N
5,Y,N
5,N,N
5,N,N
5,N,N
5,N,N
5,N,N
5,N,N
5,N,N
5,N,N
5,N,N
5,N,N
5,N,N
5,N,N
5,N,N
5,N,N
5,N,N
5,N,N
5,Y,Y
5,N,N
5,N,N
5,Y,N
5,N,N
5,N,N
5,N,N
5,N,N
5,N,N
5,N,N
5,N,N
5,N,N
5,N,N
5,N,N
5,Y,N
5,N,N
5,N,N
5,N,N
5,N,N
5,N,N
5,N,N
5,N,N
5,N,N
5,N,N
5,N,N
5,Y,N
5,N,N
5,N,N
5,N,N
5,N,N
5,N,N
5,N,N
5,N,N
5,Y,Y
5,N,N
5,N,N
5,N,N
5,N,N
5,N,N
5,N,N
5,N,N
5,N,N
5,N,N
5,N,N
5,Y,N
5,N,N
5,N,N
5,N,N
5,N,N
5,N,N
5,N,N
5,N,N
5,N,N
5,N,N
5,N,N
5,N,N
5,N,N
5,N,N
5,Y,N
5,N,N
5,N,N
5,N,N
5,N,N
5,N,N
5,N,N
5,N,N
5,N,N
5,N,N
5,N,N
5,N,N
5,N,N
5,N,N
5,N,N
5,N,N
5,Y,Y
5,N,N
5,N,N
5,N,N
5,N,N
5,N,N
5,N,N
5,N,N
5,N,N
5,N,N
5,N,N
5,N,N
5,N,Y
5,N,N
5,N,N
5,Y,Y
5,N,N
5,N,N
5,N,N
5,N,N
5,N,N
5,Y,N
5,N,N
5,N,N
5,N,N
5,Y,Y
5,N,N
5,N,N
5,N,N
5,N,N
5,Y,N
5,N,N
5,N,N
5,N,N
5,N,N
5,N,N
5,N,N
5,N,N
5,Y,Y
5,N,N
5,N,N
5,N,N
5,N,N
5,N,N
5,Y,N
5,N,N
5,N,N
5,N,N
5,N,N
5,N,N
5,N,N
5,N,N
5,N,N
5,N,N
5,N,N
5,N,N
5,N,N
5,N,N
5,N,N
5,N,N
5,N,Y
5,Y,Y
5,N,N
5,N,N
5,N,N
5,N,N
5,N,N
5,N,N
5,N,N
5,N,N
5,N,N
5,N,N
5,N,N
5,N,N
5,Y,N
5,N,N
5,N,N
5,N,N
5,N,N
5,N,N
5,N,N
5,N,N
5,N,N
5,Y,N
5,N,N
5,N,N
5,Y,N
5,N,N
5,N,N
5,N,N
5,N,N
5,N,N
5,N,N
5,N,N
5,N,N
5,N,N
5,N,N
5,N,N
5,N,N
5,N,N
5,N,N
5,Y,N
5,N,Y
5,N,N
5,N,N
5,N,N
5,N,N
5,N,N
5,N,N
5,Y,N
5,N,N
5,N,N
5,N,N
5,N,N
5,N,N
5,Y,Y
5,N,N
5,N,N
5,Y,N
5,Y,N
5,N,N
5,N,N
5,N,N
5,N,N
5,N,N
5,N,N
5,N,N
5,N,N
5,N,N
5,N,N
5,N,N
5,N,N
5,N,N
5,N,N
5,N,N
5,N,N
5,N,N
5,N,N
5,N,N
5,N,N
5,N,N
5,N,N
5,N,N
5,N,N
5,N,N
5,N,N
5,Y,N
5,N,N
5,N,N
5,N,N
5,N,N
5,N,N
5,N,N
5,N,N
5,N,N
5,N,N
5,N,N
5,N,N
5,N,N
5,N,N
5,N,N
5,N,N
5,N,N
5,N,N
5,N,N
5,N,N
5,N,N
5,N,N
5,N,N
5,N,N
5,N,N
5,N,N
5,N,N
5,N,N
5,N,N
5,N,N
5,N,N
5,N,N
5,N,N
5,N,N
5,N,N
5,N,N
5,N,N
5,N,N
5,N,N
5,N,N
5,N,N
5,N,N
5,N,N
5,N,N
5,Y,Y
5,N,N
5,N,N
5,N,N
5,N,N
5,N,N
5,N,N
5,N,N
5,N,N
5,N,N
5,Y,N
5,N,Y
5,N,N
5,N,N
5,N,N
5,N,N
5,N,N
5,N,N
5,N,N
5,Y,N
5,Y,N
5,Y,Y
5,N,N
5,N,N
5,N,N
5,N,N
5,N,N
5,N,N
5,N,N
5,N,N
5,N,N
5,N,N
5,N,N
5,Y,N
5,N,N
5,N,N
5,N,N
5,N,N
5,N,N
5,N,N
5,N,Y
5,N,Y
5,N,N
5,N,N
5,N,N
5,N,N
5,N,N
5,Y,Y
5,N,N
5,N,N
5,N,N
5,N,N
5,N,N
5,N,N
5,N,N
5,N,N
5,N,N
5,N,N
5,Y,N
5,N,N
5,N,N
5,Y,Y
5,N,N
5,N,N
5,N,N
5,N,N
5,N,N
5,N,N
5,N,N
5,N,N
5,N,N
5,N,N
5,N,N
5,N,N
5,N,N
5,N,N
5,N,N
5,N,N
5,N,N
5,N,N
5,N,N
5,N,N
5,N,N
5,N,N
5,Y,Y
5,N,N
5,N,N
5,N,N
5,N,N
5,N,N
5,N,N
5,N,N
5,N,N
5,N,N
5,N,N
5,N,N
5,N,N
5,N,N
5,N,N
5,N,N
5,N,N
5,N,N
5,N,N
5,Y,N
5,N,N
5,N,N
5,N,N
5,N,N
5,N,N
5,N,N
5,N,N
5,N,N
5,N,N
5,N,N
5,N,N
5,N,N
5,N,N
5,N,N
5,N,N
5,N,N
5,N,N
5,N,N
5,N,N
5,Y,N
5,N,N
5,Y,N
5,N,N
5,N,N
5,N,N
5,N,N
5,N,N
5,N,N
5,N,N
5,N,N
5,N,N
5,Y,Y
5,N,N
5,N,N
5,N,N
5,N,N
5,N,N
5,N,N
5,N,N
5,N,N
5,N,N
5,N,N
5,N,N
5,N,N
5,N,N
5,N,N
5,N,N
5,N,N
5,N,N
5,N,N
5,N,N
5,N,N
5,Y,N
5,N,N
5,N,N
5,N,N
5,N,N
5,N,N
5,N,N
5,N,N
5,N,N
5,N,Y
5,N,N
5,N,N
5,N,N
5,N,N
5,N,N
5,N,N
5,N,N
5,N,N
5,N,N
5,N,N
5,N,N
5,N,N
5,N,N
5,N,N
5,N,N
5,N,N
5,N,N
5,N,N
5,N,N
5,N,N
5,N,N
5,N,N
5,N,N
5,N,N
5,N,N
5,N,N
5,N,N
5,N,N
5,Y,Y
5,N,N
5,N,N
5,N,N
5,N,N
5,N,N
5,Y,Y
5,N,N
5,N,N
5,N,N
5,N,N
5,N,N
5,N,N
5,Y,N
5,Y,N
5,N,N
5,Y,N
5,N,N
5,N,N
5,N,N
5,N,N
5,N,N
5,N,N
5,N,N
5,Y,N
5,N,Y
5,N,N
5,N,N
5,Y,Y
5,N,N
5,N,N
5,N,N
5,N,N
5,N,N
5,N,Y
5,N,N
5,N,N
5,N,N
5,N,N
5,N,N
5,Y,N
5,N,N
5,N,N
5,N,N
5,N,N
5,N,N
5,N,N
5,Y,N
5,N,N
5,N,N
5,N,N
5,N,N
5,N,N
5,N,N
5,N,N
5,N,N
5,N,N
5,N,N
5,N,N
5,N,N
5,N,N
5,Y,Y
5,N,N
5,N,N
5,N,N
5,N,N
5,N,N
5,N,N
5,N,N
5,N,N
5,N,N
5,N,N
5,N,N
5,N,N
5,N,N
5,N,N
5,N,N
5,N,N
5,N,N
5,N,N
5,N,N
5,Y,Y
5,Y,Y
5,N,N
5,N,N
5,N,N
5,N,N
5,N,N
5,N,N
5,N,N
5,N,N
5,N,N
5,N,N
5,N,N
5,N,N
5,N,N
5,N,N
5,N,N
5,N,N
5,Y,N
5,N,N
5,N,N
5,N,N
5,N,N
5,N,N
5,N,N
5,N,N
5,N,N
5,N,N
5,N,N
5,N,N
5,Y,N
5,N,N
5,N,N
5,N,N
5,N,N
5,N,N
5,N,N
5,N,N
5,N,N
5,N,N
5,N,N
5,N,N
5,N,N
5,N,N
5,N,N
5,Y,N
5,N,Y
5,N,N
5,N,N
5,N,N
5,N,N
5,N,N
5,N,N
5,N,N
5,N,N
5,N,N
5,N,N
5,N,N
5,N,N
5,Y,N
5,N,N
5,N,N
5,N,N
5,N,N
5,N,N
5,N,N
5,N,N
5,N,N
5,N,N
5,N,N
5,N,N
5,N,N
5,N,N
5,N,N
5,Y,N
5,N,N
5,N,N
5,N,N
5,N,N
5,N,N
5,N,N
5,N,N
5,N,N
5,N,N
5,N,N
5,N,N
5,N,N
5,N,N
5,N,N
5,N,N
5,N,N
5,N,N
5,N,N
5,N,N
5,N,N
5,N,N
5,N,N
5,N,N
5,N,N
5,N,N
5,N,N
5,N,N
5,N,N
5,N,N
5,N,N
5,N,N
5,N,N
5,N,N
5,N,N
5,N,N
5,N,N
5,N,N
5,N,N
5,N,N
5,N,N
5,N,N
5,N,N
5,N,N
5,N,N
5,N,N
5,N,N
5,N,N
5,N,N
5,N,N
5,N,N
5,N,N
5,N,N
5,N,N
5,N,N
5,N,N
5,N,N
5,N,N
5,N,N
5,N,N
5,N,N
5,N,N
5,N,N
5,N,N
5,N,N
5,N,N
5,N,N
5,N,N
5,N,N
5,N,N
5,N,N
5,Y,N
5,N,N
5,N,N
5,N,N
5,N,N
5,N,N
5,N,N
5,N,N
5,N,N
5,N,N
5,N,N
